"","V1","V2","V3","V4","V5","V6","V7","V8","V9","V10","V11","V12","V13","V14","V15","V16","V17","V18","V19","V20","V21","V22","V23","V24","V25","V26","V27","V28","V29","V30","V31","V32","V33","V34","V35","V36","V37","V38","V39","V40","V41","V42","V43","V44","V45","V46","V47","V48","V49","V50","V51","V52","V53","V54","V55","V56","V57","V58","V59","V60","V61"
"1",32.8538427196459,34.3575373928692,30.9527234065543,43.6291341693545,34.2596634037563,41.675930647823,34.3910446497629,40.6590840296357,35.5921384270557,40.3942256126231,41.8883846375775,38.6206755748831,41.8887850705349,36.4784736854713,49.6532496658858,38.7514568074588,37.969840282319,46.4568988865738,40.4847307289053,32.9320270802211,40.6900841502071,31.02426363589,36.0633059303038,35.2594023571748,33.4781329910742,38.9038430811185,30.2291821966895,46.9705733743224,46.6998917040809,53.9666740415702,57.5813825390099,119.078191927893,94.2681820953842,135.418645415325,196.447853146847,209.509213895098,248.18827255708,403.300132293474,490.822703873909,393.165403498898,672.492205981345,770.572086931049,641.467667830072,975.939680622279,926.022008535817,1735.32229563419,1218.15065021942,1795.39002002325,2467.68548297016,2473.11196935444,4694.40470397427,4973.73326484527,7486.78810785076,10235.7670711668,7826.24236743988,9781.94652756693,15366.015811298,21975.6323646103,19775.9108328414,24384.5712428131,37520.8149973556
"2",34.6008040731465,30.4681353945367,36.2673129152944,41.0680971741376,38.7359913230965,37.5939637417489,42.2125448317519,44.2612051261338,38.2548205377001,41.4326490725599,39.7148710133881,41.1883883285341,43.0304700295463,50.5349331264137,44.6934139816092,44.1292360033389,44.587226378919,33.8490839526041,36.0963100418162,46.8816973089892,41.5032086661541,34.4075830752909,28.8417072027534,31.3674599914431,20.8474266501417,31.3347370566869,23.9421548035129,37.9773303122161,49.4405276972384,41.7912996403397,80.9017558108108,90.0841801751649,101.118120828805,184.390366449357,143.711098557627,225.72692167948,374.862964341082,284.392908124614,347.518595049461,476.94728718537,695.287607870648,545.026246866959,679.463387942347,721.972442441331,737.029799552502,1298.42704047739,1681.92309926229,2108.99803340747,2036.80772339484,3542.29571996998,3789.11076540872,4595.57617512649,7660.88190905449,7474.54193479107,9615.54905609918,9454.86755673318,15375.3091863484,14663.1447781026,26281.5784282816,26624.0231071395,35059.4219626281
"3",30.7811995499373,36.3847493621838,30.413887143458,35.6676279907243,37.0141245464102,38.9442613815186,39.7712329612912,39.2645601350995,36.3857958931192,40.0140307565094,44.7619892496195,40.2878537679277,38.836154217369,38.3938987931354,40.0264646723943,43.9119992377798,32.6308684604682,42.6525237664342,31.9316680182767,34.2399004521416,37.4973208508398,35.7587545141846,27.0624080990075,27.7931693172005,23.22729995333,34.024220642483,27.115245660065,30.9327691492584,53.4783719163503,47.065276515849,67.0372766089733,82.1173388826747,146.997645358358,114.036947512973,191.884618217485,186.048972020446,316.645555452683,329.028194719274,429.259765171895,558.803234947518,490.437955172739,579.331876131838,707.650896711967,962.452256915933,1143.59061237347,1060.06925503955,1344.54869878999,1855.10715943685,2949.08292182827,2825.73114344336,4031.54119283584,3805.57039248171,5306.27431862717,8226.51181890994,11199.3468669569,12142.2996346065,15314.4902454414,17695.8561591642,18701.7416858843,30073.7276934573,35758.1450923091
"4",32.3283527558042,34.4357728839908,35.1147381231859,40.7950931641176,37.3004399775548,27.8433354986966,40.5599935826064,40.6821232606496,42.2368641312084,36.6726218774734,44.4569627785021,44.0973728275358,36.6499039225347,36.8454825819763,41.1075353124374,45.2365647190286,44.3009671871399,37.7581099742443,29.8811468484797,35.8175463503706,33.1153344162749,36.7186519132478,27.5665653373646,23.8138244045074,20.6141512935792,34.9715426836493,24.5432506921436,40.9720696910906,42.7386368753384,61.5870580471204,87.1885021637845,127.453520214491,96.4800810678292,152.475874311998,147.926294671188,238.043191587448,266.873106895435,300.376656725396,311.706418709758,432.693945103809,453.831086415335,501.126663631508,693.994977893844,1132.248400042,864.591821076657,1209.82553146139,1734.00290964381,1777.53634687733,2860.06416111009,3318.21272633128,4542.6638246309,5438.28675724691,7868.92348027683,7081.35840908662,9715.66819364635,9073.81615966633,12569.8964190138,16500.8851704649,23663.3623874369,28100.062008729,33747.3522630298
"5",36.2091709547251,32.688952016955,27.9172863021103,32.9552776774097,35.8227228154746,31.9531693340755,36.2602245359549,38.112778012716,37.0485008914854,37.3238794554642,31.9561174403185,36.253574410443,42.8818995522034,35.4657601235065,36.1732169128347,36.606727099106,33.300387875296,41.3032875036855,43.2353954383997,44.3324692559824,27.9124396411774,21.9757151169531,20.8270155575984,22.6797156794459,15.0813450836261,18.490563460085,20.6946729049754,26.9331130916594,37.7140820353272,53.3525634531516,80.3759225348284,103.355320499519,134.683280470602,147.892349417047,239.53250493382,262.302245481967,274.91095462038,371.7434307414,455.0249678215,502.245776086901,463.464140565014,649.198658725024,726.858641527032,912.746071948203,934.82139459866,745.892229386955,1924.25681817245,2020.70276649837,3348.0260179016,3129.88715886842,3083.95538557632,3318.79884594196,5255.3968988575,7195.89687105187,8288.19021819171,10551.7570673285,15893.4511751833,20150.3241212597,20825.4020195816,31426.9402733441,35371.5107651085
"6",34.0390049910916,33.9439151256855,35.0473012280516,38.547062928416,37.249625906911,29.3092330544144,44.4325172326192,35.4965040335305,34.7448751619701,40.272587363849,34.8773676205105,46.3581197396099,37.9731768333227,41.0382464444117,42.268364659484,40.9764472763986,31.4564283104898,30.7325817685209,34.5049073314863,28.5282519161788,27.6224993153215,24.8732107895692,14.9051914930807,13.8550991574452,18.8567291017653,13.0785319606795,23.6578568727355,43.3102426849204,39.5697485028541,46.7643755414244,84.2696522499059,106.213636445642,124.436768850039,166.966570057655,236.007148929185,269.667247616671,318.362636155699,280.14862695312,423.837763299186,543.843504012668,598.510402891777,665.034468636404,661.097836420893,1098.40379232085,894.636767339829,1397.93872817142,1506.9788726117,1557.65834272706,2571.69371172631,2821.4881189161,3767.76102712072,6662.00334485569,6141.84227829203,6174.14531036899,9570.93342046156,11317.7931103155,14236.6957140965,18198.8385286556,20015.0937834935,25977.7295802222,31632.1197435935
"7",33.758088214505,27.6919121142419,39.9642485976846,35.2719865238484,35.8046287115324,37.6548249404804,41.4991712281306,43.7764987263176,41.259914664774,40.6751400583499,41.8629357708634,39.8685093487546,38.8262605067018,44.8352751674234,36.3583153181314,32.6996077137105,28.4890189271442,35.1811892816116,32.1028790495248,22.9078800345887,20.4227173910551,21.2304466629714,17.9287518275478,8.83272449530125,10.6498792500722,16.8321717582443,25.6937798695452,46.2856518213433,39.0588254958177,78.7462982632568,93.3735464687799,103.237897520629,145.754174557091,142.713495639846,202.130951017832,248.264750694825,262.193457683187,398.02729469485,406.604228426831,481.93417192455,570.577810330619,745.670228181339,526.426788981142,1103.88102968554,1040.92826144115,1681.41014552793,1847.43397855306,2267.15647138187,2210.6585214974,3615.23789532924,3608.47334370995,4004.56318097136,6786.50899577024,8204.04362751992,7249.68307240322,13264.8178448626,15723.9370552304,19210.7139221525,22385.993776017,29182.9793114036,34840.2458334444
"8",34.9950126077207,33.1346249490472,33.4060656497796,37.9482338092418,39.1540526507892,39.8327806534321,36.8752145165612,36.0446309089762,40.7765597251213,38.1719362008148,43.0866199316533,35.5209183357472,30.8334203348916,42.8842967018759,32.8064036149767,38.049813118166,26.5093494904754,27.2691676261298,32.6768606511277,20.4868660681533,16.540198804203,12.8145695590727,1.97454073210788,7.73117251774152,9.34302652005998,20.348076165215,29.3744250401324,46.9257860014461,65.1782917520312,87.6569740579631,123.477759316419,161.525282013243,154.665962201282,246.664593993354,285.965954369152,271.099774543876,290.887636381162,497.750952602026,414.010404808836,541.78349110571,755.857958113417,783.795405188291,1112.134841946,1040.23811250231,1112.39918822203,1581.84792865456,1598.48931937592,2233.16279370264,2589.38022798065,3989.85398088606,4449.08912299851,6113.45296491242,6045.69107509381,6151.45741357116,9439.01000025506,11368.8070215098,14383.1780831939,17805.7540786814,27112.3419859144,31975.7585763016,32359.6700946759
"9",38.9586905402646,34.3176859673015,33.4457458403616,35.7432781562296,32.5498139358801,39.1939202416061,37.804290073736,42.1810351001596,30.8746217044674,26.3296142441966,31.8397999722149,36.0964192642335,36.7911891175319,31.5746845169484,30.3524990936931,29.836108215495,29.3682807716381,29.5160446456778,22.1434321954366,16.5304153200714,18.1573247724055,7.08121147438919,5.05809882511664,9.48255912312037,20.2777793944036,32.0708325654599,38.8407832182449,65.6007003865125,78.0477630970191,99.1879532850396,145.667147184265,155.994211325228,144.785267244072,281.441629171965,311.042273471381,321.647393277569,284.731337937216,520.429520342769,575.773601347151,507.39910043501,768.216765875186,898.171059507873,746.615099397941,1157.08886201328,1443.70652886038,1670.19708247082,1405.10780176688,2482.39041737875,2441.97246661635,3713.08350057717,4159.84193155567,3780.3441564197,6713.40529224459,9014.88677425136,8693.39805163732,12020.7108804475,12659.37956622,18624.7686778225,21301.9113137581,27361.2762928554,38097.2094422472
"10",39.0595432411274,31.4842494128249,35.6612758622803,38.1251235681466,36.7398370725034,38.0803758829212,31.0417041926394,34.7577493479898,35.625513465039,41.1973528355753,32.248018176663,37.3775273338928,33.9477649870127,28.9979474753138,28.0324002873543,25.6415920286806,28.1048442796614,19.9063224857348,24.3544728755677,13.962796563893,12.2027944340964,3.87582116034399,6.09140583743721,20.9836013737517,33.6588279884916,58.4296038658076,55.9716204093084,98.4666778247881,103.920272883679,112.86984706937,149.029065835246,164.276806142012,228.7889593122,264.439631557458,265.233471989223,332.704285522632,421.832258406573,463.769770478547,631.624636233315,649.70158717873,746.936438307363,795.2744653425,1149.0015950727,1250.31952225336,1779.4011695612,1956.56404862307,2202.10573578507,1698.16121276543,3554.43867363756,2236.83200057039,5384.7617405685,5838.68193686788,4714.71562707183,7854.93456329793,9511.89580805839,12281.6572266802,13400.3510261149,18726.7159721951,20497.0904645128,30377.674210342,29131.7709742732
"11",35.2590959486093,37.1522344665819,33.1997938034454,31.731590200787,33.098262354279,36.1861714732473,31.1013335327618,40.3322276508515,31.1077397207716,33.4540726089003,32.1252045006905,32.757915066719,35.8945420277231,26.0786061914621,26.976886265891,22.939418046865,15.3919427481115,17.2740355512749,17.9119343836053,11.6177262343236,5.83092103283035,25.7365814854985,15.571339992821,36.1495211674482,27.2458807309568,49.5587456960918,82.247449184846,99.6456670651416,128.947729267082,150.30508038411,176.585265224053,220.953562460776,286.478396693767,287.99489927023,355.985727405359,336.463788907465,511.492919255939,568.637625910668,558.803287178899,741.836609949679,723.724212733442,1047.54524902625,1156.08829272705,1553.58364286743,1094.13408391417,1775.09953553747,2090.17944764528,1644.16514920713,3296.69685332467,3278.79197371498,3810.12314182914,5728.95296182265,5817.97912524806,7022.6037928958,11560.5538782854,11434.7897676052,15120.5815753705,16111.6893728141,22410.1049865325,28646.0455636769,32701.8681111289
"12",37.0858557121689,37.3094747698953,32.7569408214107,35.1766755040446,36.5115876936974,31.982895745851,42.1361457399487,34.3662618279216,38.1659303543134,30.6506588941685,32.1531085045177,33.4375996036114,26.1215044692746,28.5007765561757,27.735866367021,17.8314712404474,15.9332460231297,13.4477713667153,9.0454984300268,6.43265996613745,15.1556949276456,19.3078083508531,37.5694502158349,52.7110835998107,45.5717884661869,85.2673690753953,94.6411006919959,116.384101384255,117.649545067629,200.87587451394,204.349547056627,259.684484527058,332.183471968103,364.6786109851,430.00790400576,480.324811306541,641.772763867356,627.882884539073,603.600023415559,1005.09780971894,842.145067167807,737.60896161664,1066.96843434781,1261.89320700083,1364.13861026371,1764.37134513489,2114.51872588517,1949.94050927012,3252.21763114765,3374.20728289527,4177.33476922998,5980.21739417007,6389.47513252109,7180.97125200599,8528.88918070676,10541.4765336622,12743.0745513258,20588.912443432,21519.3294057771,25785.1179324068,34394.2813304753
"13",28.6988141994554,31.9921242152017,33.2141420438201,37.6096278631427,36.6815780806396,40.2802117753309,34.3244031248911,32.2392932235066,37.5301574773774,31.3223444790289,35.2868758155376,28.0077960196176,28.3877571666727,28.4756101512055,18.6611086849615,10.3387442913483,14.3956435350945,7.7037087624205,9.8571696408119,14.0660395375614,33.7017018421238,33.8375274839328,49.9267794929978,64.4923828055835,73.8638738815771,85.1357928581294,116.045401916721,161.595910186112,213.061147208408,177.630111400353,313.469098993501,330.558287638336,404.894609538711,446.247861475203,426.491210120598,488.216462813172,705.125902707775,653.1510218927,778.495521122028,823.157632983074,1041.92254740634,1219.12107611349,1420.59400701023,1393.5066322782,1685.56225403713,1945.48217190383,2289.05859926957,2442.98365295682,2985.22703740223,3280.06461297278,3652.62071023434,3729.82619407695,6232.7594644385,8342.09999874316,10827.6927508725,11142.0767234812,15140.3465210831,18715.5789318845,20959.7746492904,24935.2664171586,38577.3399132099
"14",25.8193967535347,30.4209642383329,40.1236492488206,30.8121848021086,33.2989235776106,35.802984717754,39.5718537886435,32.7193064404052,26.8231408897598,28.6996626330789,28.5886989531317,21.3826178873465,23.5502376749582,21.9441352382967,15.581484004603,14.0080663071486,9.00739756777173,6.22949395893029,10.008182186712,29.0129383097076,41.0333584796308,37.2712285497178,61.9731729046741,101.818879998771,76.3502880896933,143.663899327879,119.445565100947,154.814768224874,215.002149938876,301.710137046019,266.75329708106,355.066978216736,431.03280233837,550.795702438084,521.808308276903,666.783348711178,700.705092335791,752.212342714405,812.648442163421,785.285091909241,1062.22633410966,1424.67412439915,1381.83766623392,1339.81488551423,1696.38624157438,1899.40891673287,2502.44039828866,2716.01519081485,3354.80655399385,3608.90496045638,4210.4622955584,5127.99169253887,6982.77530974914,7481.44189021415,10197.9900773651,12641.080378246,14942.5607025184,19745.6933766925,17585.7194076601,31654.9800337059,36660.1177074533
"15",29.6473970066823,29.6589714795513,27.8289095209089,31.3266526732743,33.2523560154462,31.314897456947,25.4077665962201,26.0032277572775,25.2268662431774,24.3927207432961,24.424162310212,30.4918364976937,19.1743111223619,14.6960670873445,10.8222860490152,9.75850280190537,15.2702712732385,17.9666796490181,26.1416490642479,40.6666985940746,53.8030355976826,71.959245512204,85.9114392846538,78.5062366872645,144.511408917505,155.262560981541,173.164590744986,227.016942406072,240.182835349812,352.400469147058,342.646665958882,371.589057825646,454.674322035906,568.16310484913,502.856348838749,713.093711302891,777.414423984258,745.438674991189,880.723409630754,1123.46306809085,1163.17873891324,1378.01835214207,1746.15795948826,1562.93816800938,1396.14804841923,2205.57255539963,2024.42312941625,2930.40836356913,3308.87887523966,3741.80012152262,5164.18493436468,5941.76176039287,6215.62161155491,6337.05901939486,9231.75913262407,8833.24624467192,14982.2388697715,18728.3764222467,24140.6087231969,25064.3726675154,36768.6560297656
"16",31.4396059260076,27.9639408766383,27.8902130796215,29.4235697658027,29.9328718224619,29.6302133566029,24.3425375648273,28.5577591866214,20.2303235589927,20.1114230948281,23.9858917460664,18.6451808253636,13.5355410112985,13.5143298321202,9.64821714251159,12.2350422411031,16.6908635526463,25.6187284586261,49.3547107382387,67.308838597261,68.3121139294986,89.1953223175547,116.131959579316,150.098882076224,190.491274205209,236.35588204155,253.540828634995,290.349489896624,273.886889872258,344.645021784727,404.758062288345,417.130859570653,508.152992038833,649.200246344384,720.401396701928,848.678723213469,786.371760171269,886.58664788761,968.500541294629,1042.64834799903,1183.42623569798,1549.31148971658,1357.18832111084,1236.6183446295,1910.22932062484,1720.551192876,2698.40302398416,2486.55059832133,2265.08694356801,3060.75870059291,3611.30287851052,5077.16397375341,6312.84136616,6054.22946533209,7750.94151028792,10733.9651345844,15640.2050558168,19256.6345314689,21227.5305921005,27751.6791865924,25890.071198696
"17",27.2286270635663,31.8891629004044,24.4437534714056,29.0504165851527,34.565039178965,28.5386750990725,22.1041368128672,21.9438971894823,22.3243444442257,21.9762461390774,16.6577564001194,14.2883211109276,8.87390087879204,9.25064024471585,9.91809811711825,25.8268874848932,32.1792688978771,29.1652830109921,35.5938261781629,59.1729321320255,75.0783057061261,106.470796272161,151.918621940852,167.508958908225,205.898005980127,233.086061473818,302.834062712154,286.458585145798,439.194954694589,451.677730056416,384.773310024074,553.840541340545,608.928635980315,755.023457215134,713.10898843121,820.937531603006,855.361457746887,949.51723449693,1197.90731183615,1155.73214729611,1346.8240314463,1422.17973787271,1333.33131271654,1817.89882859626,1876.13550835438,2066.94319708314,2731.2014641427,2555.49044334318,3079.76977716167,4065.30881663294,3512.80558755792,5112.87429511455,6150.48526525251,8610.58469131407,10112.4504287004,10458.1851090111,14319.5924707568,19468.7258951526,20432.8742608986,27415.2899352594,34922.9785555805
"18",32.6466298831597,25.9948938514819,27.6123681661318,24.9325342787835,21.2663460770621,25.4076026437466,19.2051339192721,22.7458015276339,16.4576371498062,14.2699338057786,12.5440317986392,9.48514198162105,12.1831617406845,18.7147138856742,19.0554741325615,38.5022154587557,46.7670634718449,51.0506085159135,78.2254927679701,109.656709491567,136.662573953737,154.783022132959,139.018304321046,198.271396113004,279.307220089238,296.693639567525,336.75519151279,321.227073354622,385.638769424638,441.347899807437,561.361463108992,600.616639521873,721.942568851317,768.570274833967,846.347907096225,870.387597445623,1020.23445863591,1270.39445783428,1369.47467031529,1302.48526294632,1771.42252132731,1755.12495502526,1916.98440427703,1970.63673104643,1969.10714106806,2287.77902002174,2729.5845531209,2844.02036739332,2882.90653286845,3645.62146022337,3838.29917936883,5098.13668723321,6728.83700334673,7331.33897456151,9300.14373871683,13003.4242582129,12740.7554335197,15871.5642532561,18846.5664302989,28394.8392322975,28298.7756320313
"19",26.6032702334754,21.3713607581453,24.6564497808683,26.2406471290422,19.6880492534494,21.7822217757785,19.7661937489485,15.630142251396,13.7966776448529,14.7170226925417,10.6003697445357,14.6382449080096,15.7510660716868,27.1327801367478,30.1771644145635,39.5205039406909,56.9635595975012,51.7302819721078,95.0803491125166,111.985993323124,139.875754541305,188.460077694335,181.32658486217,253.036124977457,262.182172658595,307.626640860272,369.887173238268,432.779868871068,515.320323686732,584.974328097981,637.0046385755,690.600241875955,777.140891099326,853.211070656267,965.128945700551,1126.55970036387,1120.19577608884,1112.30467670565,1232.99029109536,1386.75463811719,1472.61520177473,1684.75670383277,1905.75396582618,2014.54678363809,2369.76839167463,2188.76635738051,2711.25285089887,3124.65691928693,2422.4833616562,3712.93172272204,3966.96613768016,5139.77530258098,4879.56714750464,5934.65414759143,8509.68981413673,10741.1363491257,15634.6602465707,17925.9873496461,21824.4933576675,22060.3864693592,26639.9963147763
"20",22.7292023773139,23.0981892381954,21.7819803594373,24.5345739783512,17.4010648928897,18.0668664924273,16.305071750436,14.1808218669021,12.0816176976185,10.9225993015676,13.2730478881634,17.4547433335202,28.572258721597,40.6310243753751,54.8247286239412,42.7674646342998,82.0865862951262,104.418548578989,130.966819019395,122.702287806714,158.747322943994,164.127676041211,198.080790078675,312.320025293979,288.494084062091,407.093219439062,448.955083173066,491.765795007736,541.045156680599,620.367155507131,688.752985007607,891.192009089388,724.605574732098,844.969061690781,1093.39847024745,1270.26757352636,1121.15183501273,1564.16594477529,1151.11731448186,1267.29022137658,1724.82883218074,1790.42406673183,1870.29351583718,2259.3183243671,1904.1285522461,2526.52981970626,2270.74760636017,2654.27648880399,3255.49556313959,4211.01474961635,4051.73370894648,5095.72620650822,4592.66988550759,6346.69169403829,8661.84186755404,11982.44927557,12432.6806580851,16250.3784029627,18901.6455836609,23609.7165204616,32119.7892058943
"21",24.2835890707163,19.0884677878194,14.7983417914545,17.1241398941849,13.7078204716144,15.6159333732591,12.0992564898947,10.6586993890374,14.0062746838974,22.8941807950382,22.0854612843158,27.5564692080732,31.632907722626,72.6800597465149,72.8189276370349,101.31519433511,120.879001196592,108.745328265594,161.178151047443,149.584714654719,180.904676607656,250.607738961177,276.771576043411,319.955794252475,358.035889026309,393.82665102682,406.44895287673,433.454940914366,597.959853546993,563.196672977952,704.44968984879,953.784766453108,1009.93280678203,1114.81190788221,1309.91522550046,1249.83288176925,1463.03620129461,1271.32446029945,1486.3725994072,1416.06156361834,1909.2297508252,1946.62834776589,1833.54999065933,1936.79411522286,2222.96934302074,2813.10970817628,2448.15132880634,3108.04561148879,3599.9693432975,3762.09738611114,4843.05896498048,4269.01621166079,6249.11931281427,5935.64838147293,8352.08655098726,10235.3403382304,12283.8869827316,15031.6978383088,23101.7507287697,25046.1667022179,28318.1081236081
"22",20.3621186594321,20.114120943663,13.0744320941718,14.3533670513429,11.6019940648517,11.6882203975997,12.9254188381108,13.5699938705693,20.0782619716762,32.035175840096,40.6145756403322,42.6981107985592,54.8063820287767,71.1327485441324,99.4328363799775,84.0300733484393,144.125019681054,161.781974595224,202.218195156633,252.492475996718,192.095243971381,360.96300894094,300.007828591468,394.288478051448,426.66952480906,388.799786905855,683.169402916687,551.758346114974,756.222565867165,723.59912308571,767.311534150073,935.576030475581,956.143342217824,1015.17713441619,1192.79739887303,1502.49425095342,1326.11081245131,1475.85004765868,1783.40223186225,1844.92427894784,1726.15719862839,2090.81990231859,2000.69817087636,1771.66348516574,2429.49799658484,2405.1232112286,2774.34466943311,3001.19392566229,3475.56632806793,3560.86954647446,4143.4043620765,4941.36001778651,6886.07226628803,5941.02690973528,7470.67186742948,11119.8531036482,12501.3612104199,15820.9239282891,19870.2473169553,22301.8326992298,31142.5333454171
"23",16.8269832427027,13.5045746450512,14.1423185229362,14.9218266132696,14.6346603841089,15.3625664795964,19.9440260177764,21.545461523808,27.4621432549885,35.2719843913709,54.997592651797,53.6555611336846,76.3387547829738,95.7988729820722,109.699902079239,139.704758539818,137.019083465999,173.930863924593,221.115810410561,263.34646480286,290.541554541588,306.476992295068,335.485069340216,452.058025022125,464.64373978501,620.283506867407,616.563080135614,721.788130487324,590.409590553739,850.719768290607,995.928828450155,1005.53369468233,1120.00140971485,1134.38630892493,1339.88596503094,1486.90272271241,1437.04867038612,1396.03077075754,1720.37592305013,2318.61081161659,1981.35741062141,2136.03961683211,1846.90934963861,2252.37515147702,2007.89497202629,2158.92736832429,1879.28613691773,2687.95475770294,2848.06814862472,3138.10446817933,4191.22576184541,4766.04411588278,5162.32587155388,8099.41162798146,8056.36026537616,9337.62003435132,14464.6245283556,15307.7727372091,23839.6963449906,23723.7160465292,31552.8215040072
"24",16.2148339839319,13.5504220308482,14.5622368014566,17.2595580591971,20.042148568149,25.2155756785358,25.0970767182979,28.3524299054006,43.5982072726689,49.2095422919323,62.1888464840792,66.1420207946514,87.4341105931977,109.666797350041,132.783487595952,160.7509989472,166.374690004235,214.555140533483,229.554290172969,304.948514910852,376.274962857333,355.951767891554,452.250181480624,492.067315764516,479.67667524159,541.431544432225,668.580142591278,656.907714931783,787.438356275525,1044.43648492275,1017.25112310066,1278.9041382892,1283.84159273953,1179.21699218237,1317.22125976768,1507.33973338224,1545.83340705024,1717.80320409764,1713.21709408722,1822.13686655074,2028.3516839391,1986.52877638169,2620.25424148982,2048.5359270511,2339.34271463696,2232.26060283839,3208.9607286314,2820.43256732273,3152.64482467266,3520.02403516177,4243.0436177443,4496.05452334884,4812.48752739654,6589.37046013394,6802.70035502199,9305.87088317289,13634.043503302,17509.4707482619,15332.2581025383,22380.1526282002,34158.2913332991
"25",12.1120901381448,14.6500814341266,16.6002587507234,25.2604621953275,24.6187038990368,30.77592567591,42.4801118195281,56.8584112598432,45.5209467800105,71.3726230589798,87.4393078962364,105.488088422994,125.903650934678,122.556049876659,149.717326912162,220.665112216231,192.093202558966,265.990643341191,252.265917128203,349.94079170278,345.635686372941,528.815714933615,610.14587675433,508.286629007479,713.363003723035,721.041448396759,809.439164637004,715.684262785011,1041.7725548741,1152.46445417207,1041.7538308823,1526.17580360782,1475.56827138935,1598.42910360594,1416.84558084538,1306.66765700941,1537.17283412713,1549.74883953626,1758.48586582766,1825.51400934215,1984.88994856831,2373.65973547016,2558.50402371525,2205.40078158347,2494.77832118847,2461.43022680801,2218.84310101052,2868.37425692445,2883.66028520254,3538.61297468777,3916.06961307664,3566.23836228197,5445.59335056282,7031.13856510083,7925.50190457357,9445.58247195071,10845.0918592579,15648.1786014077,17608.849276593,21113.4022246665,26388.3935563829
"26",18.5756010531107,22.9788047502362,27.0926305340787,21.5727359988468,37.2006186948298,48.5525578011801,60.1932113217651,76.7855530184913,69.5031517245979,90.16711956543,102.336809860662,135.752945584036,147.832328003011,158.623395548812,185.600362159904,195.179810340549,275.556595189821,316.629207265166,366.735812904455,374.26593228317,472.463168600235,491.800299176899,454.238088358758,604.610801641626,799.420026657176,790.654915785346,859.338378828178,901.963759718821,1014.80713939901,1173.01367543393,1062.15588873294,1273.67877947522,1125.64219970686,1332.77840569504,1487.00079931261,1501.80857791995,1752.18211313481,1844.65615858685,2378.30594023979,2304.02219539512,1807.51702439882,2096.29169984796,1894.68896260626,2563.30531430975,2240.6225167974,2255.2924391356,3333.79595752044,2444.67773408692,3000.94654477204,3185.62902963802,3548.22034175978,3685.6195851671,4690.02715795784,5336.41027397859,7751.36615138368,9057.86610867871,11743.0725641363,13734.1608105409,18520.5953642661,27803.3480175124,33070.2968603921
"27",23.7978307681561,26.7502811600564,35.0523651848212,39.0773283736115,46.2963028971526,61.1099545373438,63.9979415731073,99.7049979738847,100.438238039653,86.2601139898007,142.087051244442,140.769890071425,172.037084821257,191.149930337992,242.452468399612,278.339914695547,306.544027569036,355.598874997962,392.098732126169,428.802388332023,527.007421169253,665.116508676244,518.957661198363,627.465169156876,783.755954805256,948.284886003868,870.698910689349,1246.48349746371,1114.21669238099,1130.20443983868,1209.19216226814,1384.70060981245,1742.83949684345,1833.74778358016,1799.07812754091,2042.94628659297,2248.79254308632,1748.89720581987,2284.20278473278,2351.13759292556,2246.66139778819,2064.83030993098,2014.35015235096,2669.77606618731,2510.01350403514,2655.02137918578,2803.22807372077,2892.22669503341,2784.35772365198,2607.17884564301,3062.79503555855,4283.6494514634,6473.10047710302,6095.11363800925,7755.31644624393,10382.4994934423,11627.1855351566,12981.9668781918,19560.400916697,24927.7209687262,34622.2559776144
"28",39.5335835255174,39.292101995097,49.5072882156632,57.6697486530216,67.9348532665926,85.582273855313,94.7257791126474,101.845813767598,115.918499011607,130.579811996378,123.784556418158,174.6454199016,244.087395835225,199.827887406691,247.625156442883,288.624789382183,400.037042604172,382.794808142558,424.660123312651,420.003329521691,559.180562045638,651.510599160289,570.5111647694,692.696894161899,922.262074461454,1216.80711890168,1056.93066504769,1082.25082376759,1317.52613439148,1602.17657274442,1531.26394232846,1495.42093632525,1644.57347553389,1779.20272884269,1413.87114443112,2016.54920130643,2262.37018229618,1864.18381585546,1919.44398517053,2219.24058122313,1862.43548346785,2690.71054359096,2014.55247477408,2633.22305539095,1813.00293117277,2444.81936398336,2802.97959239284,2856.10149329789,2577.00268375501,3449.06612463955,3354.61990713344,3469.39100769413,5200.74711241309,5885.73531476357,9926.610800611,9283.88053432502,10743.891722666,13059.1188316343,17815.4091323444,23990.6901611099,35571.2409283957
"29",64.5300128851198,52.8508965899303,48.0627375727267,60.998053903361,101.976820588413,114.91808081636,133.242635556996,139.651810454515,146.203206622093,156.716588626263,182.069542010519,194.099780492618,250.868115394539,295.461860932357,290.362920579564,347.216906919714,393.472649447568,415.350176822788,486.708545407635,536.562213408513,612.657414575371,737.990508010911,735.723360872423,713.88160942076,1025.33174599932,992.96324509478,1112.63568814738,1155.50441902593,1214.29523311352,919.992053442575,1579.76639651199,1430.71131483048,1618.33944314573,2131.93429037798,1806.47672159303,1891.43629704182,2084.2224787596,2134.20785116751,2391.3640629863,2439.17075452976,2139.98556796086,2529.61917793196,2610.21450005334,2190.89568044597,2515.66488292104,2610.06076935661,2136.47396365642,2526.82999455088,3640.2870709231,2640.18222887273,3387.12495976152,4974.38572530658,5658.47193795539,7269.49160109703,8607.80535598875,10244.8342659076,9856.97448432603,14386.4938033909,18678.1342297794,19762.2187351919,29307.3416595298
"30",58.4247822326472,67.6101895126469,78.7329171334068,88.362878651717,83.5340261985333,104.388974849366,121.133738184008,167.40881961961,180.636908543078,209.213253882977,212.651944241776,240.631055622451,284.506072451174,273.336412644039,457.181921563623,487.57662181567,478.172976241507,425.424922865104,614.373768569476,705.425247800785,626.137838816212,932.342407070045,883.626036366679,961.420973927398,1034.7015241123,1103.60017845214,1381.72805544371,1639.45690681705,1513.83733130083,1729.17549249638,1659.12361519412,1550.99594934536,1865.87789399745,1785.75872776962,2208.93675385152,1837.31555007862,2654.35617988709,2076.80977031771,1924.66504854962,1961.70307872847,2437.62364280247,1683.44937576485,2398.13318994311,1831.1183967509,2451.50937163294,2120.00401978996,2494.73983541931,2706.13809402445,2754.43776323875,2655.42462665619,2898.25695680647,3615.15475133369,4844.52664694679,5397.91280277893,8306.79113489246,8512.76415846033,10784.1434897305,14632.2092269537,15297.0463862479,20969.439786621,31679.1269661388
"31",89.7892377931947,84.5436090396692,90.2359816125604,114.377933073641,97.8824604790584,140.796497231807,140.300821169139,204.102673268943,187.80963728513,230.157253461984,225.624013667513,235.695293753063,300.690609711813,400.036936563363,491.934983903196,377.233818542168,398.59946495883,525.44938555731,693.940928995513,605.855863889603,551.85340245883,731.717043565423,937.846672650555,1056.34552668311,1138.70225539809,1204.00552806574,1379.84223345645,1436.90233484507,1407.24844878205,1498.85780303094,1567.6201532113,2146.6218359108,1561.27579036668,1927.17984773846,1711.61592643783,2160.16391619564,2275.62694182223,2195.8245298045,2038.53296123636,2242.24780107042,1859.68087759904,2288.80551840221,2547.72603465244,2518.90643080073,1953.32644990101,2623.96009196409,2575.2320938641,1905.84338047308,2848.0737355362,3444.50875121262,3578.99660762957,3695.56252986728,4660.47402580109,6720.48087423438,7197.91034856221,9435.84662471518,11677.7653373934,13008.2342424306,18202.191685685,21962.975187832,30023.4025415699
"32",113.263398778468,124.406439472735,134.295486373078,159.023543850453,176.182226638393,181.687974143473,242.383053719534,220.10763045694,260.403239271828,288.224635507684,266.982688643698,367.877214813883,385.877303825519,440.1486003873,474.607638087763,496.670590350502,617.927372066627,672.07108596234,680.558057695928,981.479074074503,838.38408097273,1000.57162282901,1157.09082891738,1340.27022469586,1313.43659473289,1231.86731563438,1407.77944968749,1738.559404315,1849.24175861785,1599.55890589623,1645.46361456859,1934.20539715049,1891.28631990363,1905.09244387834,1647.19896441808,1908.52966953794,2296.14288727492,2296.7135866054,2120.23946791251,1877.13340107871,2441.57327543843,1999.04655846759,2088.31732241733,2035.10437746571,1878.78141366964,2298.78571739166,2277.2839660071,3082.78256381782,2730.36198719368,2776.99891882596,3435.14062780531,3933.53750600187,4426.55288588723,6358.49347146786,6792.46072941028,8512.72542497695,10164.831015219,12310.5939752178,17214.9919935824,19040.4214385948,32700.2272538475
"33",103.38217378745,146.276074188908,150.500283811602,184.229764820583,177.368533365627,245.641695670342,228.808877100982,303.92934960025,246.334235400401,273.746999958703,324.934444011087,422.206685225005,396.729480813582,485.33850472314,669.959847327401,557.086978683907,534.481283880073,804.68626524538,853.773947089469,920.769710929122,954.371377647416,1094.77845079462,1248.19413027977,1273.09895671368,1146.10931563864,1461.71546457507,1818.91957385999,1598.65183716139,1686.04674389321,1894.03115070709,1605.88974544983,1920.10968615645,1777.34657536858,2295.51618304168,1999.8286529056,2318.12806634236,2238.78473423021,2629.79129187345,2382.59828428248,3019.67257966291,2425.62323777185,2272.41913969579,2324.87849512147,2055.49192586759,2253.49460360061,2615.8515361169,2415.93043795263,1931.25841660608,1897.31072075105,2943.19881506247,3544.71777134814,3952.45776857342,4576.87639550712,6027.82405688537,6479.297260635,8107.84254203493,11530.443517195,15625.398634861,16263.9003797276,22796.7626122608,24480.5751863254
"34",152.894840703111,157.396362297133,196.772712226421,184.557504124549,201.280101742443,210.37268440612,244.513140482719,305.310460367463,379.181758792888,367.656902521614,378.731086644322,368.928907325082,557.80357572885,647.414844025236,498.975867354654,733.508096202055,664.134724728835,899.820639355546,852.887921084846,840.047335019393,1144.07981637226,1083.32623812955,1298.65731368159,1517.20362404821,1439.01922865802,1590.79521082072,1642.5650544668,1787.76238174387,1956.58724226683,1976.16689125277,2083.57548724661,2302.2850814936,1999.2169227304,2174.04675724882,2500.45145421601,2749.41362141885,2367.34152366823,2323.07297454983,1859.80685320147,2035.25620508853,2220.60246840361,2449.49047262352,2107.77375248063,2830.70811810234,2393.8401723852,1903.73593752748,1970.64445962084,2158.46273371821,2683.42359488459,3286.89866970579,3043.87022154152,2533.61793969357,3751.53185339643,5118.38381800559,7342.06093441028,9619.14142604889,13094.224807032,16308.484337012,19329.4151024556,23121.5935612298,28222.6311594913
"35",191.508673339387,179.207743119338,232.344366233926,229.732482115768,248.889589577389,271.106548212976,323.402602311627,351.857717469002,406.20662433102,422.586123266495,461.42812034764,454.617417335228,619.00797639563,723.755390610987,807.52567993242,790.789070726103,823.036190873906,825.461148062763,981.962287267691,874.738407965518,1007.60912767924,1495.07694229528,1392.24164134383,1513.82249972171,1492.1281716056,1478.04227649064,1691.62522931924,1842.81902272658,2042.93920272869,2059.28891549668,1679.66791185259,2172.05970871395,2429.77718176383,2071.85812081389,2163.97405975816,2330.55622488452,1896.47959908397,2217.28773539918,2382.80487363371,2715.50204660235,2324.95720506916,2775.5298892108,2256.7063947277,2454.17897673835,2079.35242793929,2180.44253598215,1854.53593360259,1973.62488595921,2629.23394768546,2427.43466534205,3379.91529972825,3473.60944793122,4475.36735831274,5596.85059110861,6205.3522875281,8654.40712174684,11392.1341395849,14230.667418473,20916.990058845,24717.6140683792,29004.6455086766
"36",221.034281983558,258.675390888994,263.21715472509,231.01910162619,270.141710279112,327.607841870338,339.250552764704,365.558432280105,428.545324157015,550.51688569338,555.501337441608,496.450267871891,617.216432128525,625.943624546854,731.763500428465,784.678288514118,765.626190568431,860.945528655873,1155.27661969186,1072.25811284581,1598.06165915548,1318.33181918054,1313.36671878106,1526.86473956557,1454.61806084919,1605.56311056588,1841.78361837738,1544.66312109939,2156.01753689955,1784.6571631956,2240.22671603063,2170.18346843726,1979.56893513075,2484.01424091812,1904.52512010828,2369.6271801619,2449.56849255778,2181.5138630646,2438.5129902218,2288.84484935305,2250.82116045589,2157.55646905909,2029.17209695462,2212.93583520015,2237.6644087004,2051.32796175961,2215.06050996692,2398.30684849364,2269.08012149449,2804.40129049456,3437.50961204854,3704.17885136296,4738.97668215638,6175.75190312281,7681.76094617055,9206.43475779405,12548.3918900593,14211.4091852639,16803.0850843339,25091.5866426824,29459.6623544363
"37",253.243369362345,263.901519633588,337.768722430923,290.471535183037,343.92495908058,409.773122595147,396.850717490702,436.355109559725,476.17232654425,485.986744845499,609.996857927367,684.286119649793,642.009552972441,681.310859876009,788.778463864939,852.213715133721,945.640600388439,1049.55425141022,1088.72002767299,1248.17439789416,1241.42942487052,1485.31021731762,1582.34251556199,1313.3458408124,1545.560383159,1736.48850858804,2096.70715594878,1888.38179352684,1740.05033852799,2110.32075692211,2297.63866373886,1832.92210695442,2136.37264814562,2054.18687202445,2567.30517386812,2097.2955969953,2129.67721669075,2047.36667024171,1989.10936946503,2502.57475532584,2517.1927551221,2321.00179886224,1883.81497255678,2011.00162069803,2426.50172754258,1759.56867466391,2294.92759688095,2424.10001179382,2113.95039846982,2664.78501906632,3002.70508592501,3053.63819366011,4492.35301930555,4976.00466595607,5916.09502925435,8407.32620174292,11388.374485288,14753.0612013687,21225.7880634698,26188.8093739214,27328.3029627037
"38",336.227790223393,333.454335693904,327.394210831331,346.8113270332,420.232205494904,396.415022395385,364.959999253508,398.472380869914,618.132540867642,524.405997314905,715.420899848801,641.918340472481,762.755133716281,861.575081115676,764.163469779638,1063.10208438859,910.395224780122,1293.53341079538,1282.23016399576,1366.62240669532,1410.33755434854,1616.69904616621,1486.6236429903,1731.424701043,1583.51490380475,1731.15841721614,2404.91540855496,1929.51730397405,2252.47781248755,2237.54441232408,2451.8532542135,2264.21295264858,2415.75125874671,2375.4342472341,2021.03959719363,2154.29037688015,2310.95441082672,1940.63791846992,2443.77238633802,2162.14683415298,1865.21267511554,2036.9337062002,2269.23328643668,2014.11900363919,2126.81415328289,1826.36818510555,2386.29412323435,1938.85199705795,2235.02061431012,2439.64648214634,3486.93777329765,4037.30686008777,4026.06771272412,4570.95041866235,7484.75711988171,7755.94733594213,11905.7542420941,14776.3700694084,16912.7485376074,20963.9811004192,25579.8960921425
"39",366.740181971347,360.207665374398,363.229175354036,388.815720567972,458.127607725981,416.884701623898,547.479870733986,563.781822658161,700.627794878672,647.452733753565,707.173159119753,790.400767301456,784.21728329454,860.29724309353,946.126287602858,1199.18513987282,1041.15719236739,1275.67344301575,1248.15229236525,1498.98769449231,1658.20292184421,1526.84869862382,1659.91375904657,1837.88275983167,1588.71043842616,1894.62525235219,1838.05366459524,2199.7484926047,2230.54843177898,2258.26617992353,2061.87854484814,2194.05715874622,2312.22285459782,2491.92985077627,2367.44426294987,2185.97025925012,2257.82927822003,2634.13216332052,2268.55956002222,2372.98151408088,2268.85073410232,2345.72691403512,1935.46560622069,1605.16700048553,1788.01750905473,1902.2085666589,2475.42117427878,2239.65655547019,2138.80469827484,3015.46469733527,3435.52688169646,3817.95428145515,4575.3706267939,5263.09158700375,6539.42913312571,9445.69113224467,11505.6578679076,13527.2441319672,20148.0414840988,21094.017820329,28897.5977770075
"40",418.306414104867,389.736975897115,434.657892209682,528.292996676118,451.790731391007,486.502763848218,637.794386767718,511.493807613445,664.602238182917,681.937882751058,824.326009616342,830.68729745513,718.779465620194,990.192559983283,1070.0790674868,1057.24899011391,1180.28913260915,1319.87023732348,1375.40686892921,1603.22002257905,1369.1347556252,1341.201148419,1609.68879097146,2039.72777931505,1497.3508879236,1908.06174343714,1989.55886409378,2275.28344128143,2077.86494286919,2024.18556646658,2417.13378128271,1909.1160062518,2170.58964747672,2424.03121257402,2791.55018746687,2603.73068586024,2053.22266120008,2116.52328194752,2516.19288793828,1964.98466490653,2367.73747948755,2169.37740022565,2384.62199289381,2118.63990061107,1755.97534443334,2142.01038152899,1761.9928073044,2177.64447147871,2088.94140431656,2460.840326055,2503.77277414273,3462.82181770446,4707.82450185257,5252.26142477321,6221.67920408304,7842.22147839042,9518.76462714387,12100.0463878385,19250.2972433736,21983.1976557317,31857.392006089
"41",460.138835926491,530.650535727251,529.173022172951,623.050730246256,572.48013011823,565.60388852286,684.751055664738,609.515566283031,690.600142769021,714.212285986342,888.094286810188,870.757220980261,948.122598375028,1353.28400272887,1230.14140607712,1073.87000108596,979.730389328283,1283.75617546239,1654.10965329545,1693.42823649149,1537.15208293493,1572.86589933817,1844.69267437835,1578.92960695858,2220.41453287732,2403.23454636052,2159.39905736078,2310.97149856084,2046.71459570073,1903.41159684713,2384.89255388974,2164.36954148003,2003.80081796658,2096.64017040252,2106.16138032681,2340.66758680644,2317.53554674506,2034.67279097022,2320.03247951401,2176.51231275853,2122.99972122284,2141.58751691751,2318.51510789115,1688.31252517544,2158.57904209818,1636.72151630683,2332.55476977273,1976.12944716554,2343.08660953387,2407.63042661152,2986.50290424424,2472.38413868801,4677.09252552531,4619.19116009958,5478.87805085798,8227.17313268365,12602.0500184681,13644.705633612,15047.5813113399,23428.7687340952,28059.7379718492
"42",471.430603436002,421.886596053392,531.646395628419,512.63445165783,513.860082850118,659.489238688782,509.518173089746,712.633540414367,795.895153950042,883.803235276833,1150.94318029992,1039.8593347621,1108.99208478735,1157.17565563399,1044.30140173064,1420.06263151607,1608.00983368079,1556.03477419237,1873.69917614337,1358.44250884534,1752.21956008702,1931.14635410425,2067.47719299724,1752.21167403162,1986.65843475216,2009.06752414284,1982.10334129229,2119.93251493707,2367.38626169078,2700.00514319279,2232.98398168394,2092.80149990071,2337.09420437876,2252.26460848668,2361.91811318096,2363.13476070736,2123.66935831187,2455.8526300661,1781.53620853212,2320.61109471938,1790.16045006603,2280.42176304655,1623.49513919531,1730.60404725082,1775.53124722926,2010.0562064652,1869.18466080857,2043.80830791796,1950.1261921738,2546.0885792004,2705.79850133689,3502.76300210926,4222.48528565265,5908.56606572112,6214.78133684934,8323.604068609,11755.3935217904,13387.0274093888,16070.854183443,21705.8376642305,28119.3870988891
"43",541.763029931975,687.284797977364,595.73893532745,684.28420709962,771.84845869678,758.828971364154,790.524752443501,761.645715073927,851.695735160226,903.625786070817,1070.46814276293,1023.93543387775,1242.11432786549,1082.89493566053,1481.33093766218,1390.3280659659,1392.14235570189,1229.00260283579,1581.71182462925,1638.50380746934,1925.49567054398,2203.53608085207,2152.70594236892,1925.90537630434,2213.87142973247,2205.86382134883,2427.66406120228,1844.37048702974,2481.61567233602,2265.04702766975,2198.20460560052,2121.66480470917,2636.88517305103,2205.21356851265,2020.86502257701,2355.84804663781,2307.8950685923,2161.65218924208,2126.15188735033,2036.78100303924,1836.63942439191,1907.2471045581,1856.69186747212,1659.98597563338,1740.19884746902,2070.34333503224,1731.21164484284,2080.8948933108,2060.12668231748,2150.38902827085,2821.37532837444,3859.48875782129,4814.67156965641,5092.29727821309,5988.87515329837,8851.56101764844,9402.56858270061,13503.5277620362,16962.4715485306,19561.5849932091,27318.7987553765
"44",531.121343708829,569.993951107758,636.488164036751,681.617070773849,785.303507855793,893.359310338185,732.448727165538,827.811221009369,925.859399380729,1069.78086244635,999.931526904109,1503.53670961606,1100.05084546031,1281.62604323985,1165.30552858023,1460.05084850547,1409.67038567948,1630.78996952171,1720.57115210743,1998.7595811541,1965.22772658901,1836.67518260175,1909.14341844704,2146.91544131277,2024.52272636454,2162.81082593189,2143.28253296733,2289.8901667849,2254.23126873156,2125.49374913274,1837.30937984762,1909.66713380395,1985.20020097402,1909.61902768372,2041.90901502186,1915.8792894856,2176.42400892744,2065.69593321224,2017.94704408191,2151.29906449777,1761.26349376643,1733.98212034462,2040.45663521211,1795.43766166277,1752.84435516377,1966.21394691023,1754.4750061808,1776.53169532664,1967.04843741822,2576.17844331845,3217.07815894744,3584.3100478327,4074.43067073932,5220.81576071759,7185.38416246213,8065.31648480617,10409.9005731965,13666.8813832509,17788.4730151765,21599.2476973928,23589.916753364
"45",668.590036507413,675.636942966871,727.880253660978,828.728278713116,782.612478430078,997.16533615708,1108.85876385025,934.553395402828,1087.0105996071,1085.27994408225,1068.34629994299,1305.13670084537,1176.9933466992,1350.49518209894,1010.1883882344,1246.49230228248,1448.78825133343,1912.52853578631,2312.86686584966,1777.73989875235,2032.75792833381,2022.20684686926,1997.77333890391,1747.51501289124,2078.41214191556,2198.94436826834,2156.10179971606,2371.88874573576,2188.19076776678,2328.05176744053,2274.63039650318,2420.08511556873,2057.83504901394,2144.04870986988,2092.43297439473,1861.81178407462,2083.09675248385,1832.8118084664,2128.31819918617,2123.89964613945,2017.66442466986,1813.66704352285,1779.02597214575,1591.86908521242,2099.9727619587,1669.48892289677,1580.19722939734,2020.32859696057,1816.68358474933,2266.97901790793,2916.53120265534,3029.16776505606,4058.12250254144,4715.18542485561,9137.4158905836,8622.72961944245,13250.0786763248,14069.693065919,18271.3398838315,19884.3646047605,20799.6138389295
"46",827.171868628216,749.127755031885,813.075035404531,964.875656909648,1024.50005517196,878.628144158511,952.198837504338,996.280558890823,856.750238038239,1122.55759176828,1208.30708253081,1282.06021576926,1233.81092052755,1429.11584931358,1469.00913574446,1548.51322084137,1642.08449812272,1349.21445573923,1391.23206423385,1686.81768205914,1860.28753950233,2194.55643599258,1936.6700200607,2221.99015833993,2122.28245908355,2037.97265159662,2709.12269479,2085.23778379754,2391.56402636185,2267.53896011474,2208.28087051421,2881.53452616521,2028.36037993235,1899.60288133782,1945.55414348548,1946.75211677268,2145.74192777178,1831.20586004112,1970.26586691677,1766.66132992974,1812.81970945578,2106.62579189418,1800.21318682469,1470.18021185348,1882.19187843216,1724.62496480005,1713.79630528788,1624.63621572915,1825.2664416003,1872.0398677537,3500.26322263675,3947.67656906175,3799.47566237189,4533.20909506679,7098.53700950392,8485.51126706069,12875.2326218558,12184.6840470053,16720.0030606016,20674.8953599129,24924.8051956436
"47",675.690470018888,740.67460935254,800.136273734072,776.943202287557,1162.99735616157,872.098957762828,1320.42577607267,1128.98344091696,907.957839691614,1289.72378644541,1365.18187826148,1262.23053087609,1460.20128437489,1559.0742820421,1331.274629769,1544.02551605958,1954.37318199625,1816.19225669179,1851.30801930057,1961.30190589788,1972.54341194675,2105.50188906425,1958.73288448403,2009.96876361413,2628.4113877968,2419.20733599577,2331.95351028991,2543.19885180248,2031.40848962719,1830.9183604324,2286.77768789072,2122.9774480244,2180.87442335288,1606.17623073244,2344.39945093068,2057.51633533052,2309.65117238747,1807.25203816032,1901.59719677959,2094.41881722852,2264.51215125615,1874.4556638659,1471.44284763918,1508.71076819212,1463.59821656664,1550.77461086945,1664.97234332946,1843.86595896189,2334.1915917136,2390.46933508948,2758.04795730831,3821.91818240531,4316.88598797764,5460.20336838898,8303.57187819583,9204.81409949302,12447.5295802241,17216.3977723765,17336.8379084597,22024.7491935924,27061.4625928743
"48",753.626625235894,822.543023789896,810.06870420321,835.380636373192,1097.63958633122,944.936535286295,1122.7615466597,1011.78151081856,1189.7828663281,1251.85969244704,1330.48062664791,1764.07455105196,1792.73530368991,1930.83737306169,1572.95805401305,1649.95339230529,1875.30898935172,1863.33970968745,2146.53514306458,2122.36768745317,2170.73535950963,1964.88896596684,2162.51940493642,2121.36591743596,2364.3393192295,2109.80284134814,2722.67231122231,1890.90122603926,2435.95187211731,2109.67746305601,2389.73552052803,2258.82990422931,2097.80381494324,2117.81974128978,1661.91917067516,1762.03944633712,1980.31119534737,1946.66417151847,2139.00414042065,1757.62814678098,1730.4344147616,1730.5953667198,1715.31826030382,1607.90286810815,1516.46943359077,1679.3187312815,1525.32525626401,1609.00444253065,2033.52438511637,1785.60955015094,2714.16244885081,3213.9843872683,4217.63944180278,4392.5181219838,6910.51871547513,8598.46491228955,10617.0222043411,14778.8163735422,16383.0543130019,21477.4277227106,26885.9687852097
"49",986.098643483897,915.07645244163,841.565663279007,1086.7613251141,1075.9773071765,1053.65370078271,1164.16994046814,1503.51730759321,1547.24141269088,1045.58755537121,1274.33205460459,1352.58702715626,1548.43969207569,1564.47371347795,1487.42756638191,1708.5697890326,1801.00263748376,1698.37306363949,1847.27795840051,1836.13437240808,1862.22644472593,1886.86290385201,2188.48953316619,1935.91252112594,2109.9934034832,2479.5652861452,2219.45332198766,2277.38571108923,2574.2279870476,2368.95810176007,2174.55002593749,1974.41346924699,2007.11887743306,1986.75197382058,1647.85313624519,2012.46076057601,1624.71385497033,1687.34844562105,1884.20996915059,1627.67608471366,1868.13779094723,1670.67222648453,1239.52454064393,1333.17950849223,1686.76388832801,1635.08117455883,1613.50436483139,1840.92520406212,2088.83398149372,2131.77061530519,2912.06347890232,2912.7919246339,4579.64078207252,5554.23505301316,6150.83914654595,9097.46151462937,9711.33214822509,16905.7466540853,16144.423639751,22462.2046705362,24835.3409732037
"50",828.369422549949,1004.58220996424,984.985415007597,964.683756990699,1019.7024213373,1108.843078771,1168.7858466109,1258.67825963611,1548.19017523088,1403.08232265405,1594.15763659171,1649.22181809701,1742.68171122912,2049.68091621071,1766.34339208986,1613.6623259903,2041.93915127174,1886.60925463516,1786.13687740528,2063.867144422,1769.69614480172,2322.5832523817,2130.17574123709,1988.65544241695,1816.19931537491,1974.64588152695,2069.74983429431,2310.94314196376,1898.98842615702,2451.14577681942,1928.05130652032,1935.49229793839,2391.06928743545,2185.65389434032,1927.87385159343,1984.11857670657,2371.93515132438,1644.17812841281,1805.71465942969,1611.58068441336,1629.66479383089,1540.48971738625,1466.20086079218,1307.468240684,1626.01251397016,1325.60680474713,1527.66420511391,1733.87011970644,1903.06422210436,1668.75341527014,2682.62876718789,3568.51382493835,4303.30299035063,4975.44631715308,6017.84600528921,10474.2940667777,9945.83571182733,12480.3090368296,15343.645944329,24416.2963054611,24320.4668119513
"51",1053.68438774589,990.100112136303,1062.53419387562,1202.72931127286,1101.34677227352,1070.04988078507,1476.14262671957,1523.95080909469,1271.10652848007,1597.88977391492,1406.42292076026,1541.40225652321,1641.61772711739,1729.41083702721,1562.09348381783,2060.1998144443,1816.09396664816,1788.94020018942,2183.42324367146,2389.46768354772,2062.03232718739,1977.00476103012,2337.87555281828,1873.31783812558,2120.42916756991,1887.26140734345,2126.06944083244,2143.6282488475,1961.76632882379,1878.37660740132,1993.89894035696,1731.30582192355,1923.68040040822,2316.46472246602,2168.58810807585,1875.87453343475,1662.31617782437,1358.07117712515,1750.94070708462,1775.51746040961,1590.68302148356,1535.50142798377,1533.9876686329,1240.3097860346,1201.5637105089,1069.27545131253,1455.56535514245,1618.71539489113,1768.60569725127,1805.83078795202,2400.08989827864,3421.13712111928,4077.66836932167,5149.06791945488,6696.69190790002,7792.89352094461,10940.7578980081,13267.5382694143,17991.263101385,18766.856246892,30871.2977001318
"52",1080.82118163584,1061.14683676788,1099.18216286544,1218.42553779443,1454.76467578201,1548.20604687766,1382.7432679732,1463.43168520877,1500.18205775823,1720.06601580542,1414.30463615445,1542.77877637436,1971.92969000845,1624.2465347023,2134.17721635929,1671.16582344766,1789.62998486332,2181.07169683685,1706.80077379323,1947.56435403855,2051.62699679778,1874.30815088772,2002.20946549066,2229.1360388135,2119.14850708738,2365.69352602671,1859.87434771867,1727.79851322182,2318.36700514722,1909.35821394586,1903.3268953403,1906.78384387396,2259.23486911228,1747.00471961707,1660.61597094607,1906.56801873447,1858.67862854311,1644.79541798436,1486.85811830689,1690.19531864163,1498.25596619282,1545.29853821603,1443.41315899345,1171.71648126232,1511.03118828155,1303.00499270466,1537.99126738699,1170.85947364543,1362.5901108642,2082.48783922914,2335.08009931105,3765.79298506863,3979.32965625503,4413.46247863421,6686.07394960727,8823.50697145078,11553.4158382446,13094.038759513,17453.3529805017,20639.2347732758,25370.1975443307
"53",986.379266526784,1040.8548669331,1059.12816154912,1561.36850545395,1306.74271689215,1549.33095204166,1130.00845715151,1331.14662856238,1343.28026971856,1596.77489182243,1782.26099602216,1709.7404787364,1894.43291810961,1828.4066222007,1655.32226598519,1566.09447946854,1846.15177123311,1808.50233391472,2016.76005231049,1953.43527837308,2020.87118903691,2151.09216383998,2254.21307170356,2341.98311021148,2087.80999586483,1953.14531060493,2328.20087992318,2005.84076916237,1684.49397246923,2106.87324645141,2345.17292200197,2002.82646200464,1664.48346760245,1845.46564075337,1819.46330660457,1691.44546093519,1806.3111702794,1365.94398384582,1465.11379732382,1829.77808442834,1468.29778160777,1469.48118450608,1385.72024899439,1170.33537162562,1101.52363746688,1440.41473688498,1304.62595768843,1655.76621931541,1647.75762565868,2307.60990725603,2858.72518422724,3344.10647565127,3899.55201247969,4127.5297476247,6702.36438260367,10419.9165587842,13621.2275220038,14492.9401460503,19743.0731363417,23325.418984291,22722.6576642476
"54",1271.69126207539,1284.90829149818,1191.43301781436,1171.77526830865,1260.14735338744,1708.46857928043,1463.84545742569,1646.98250416125,1565.24287337713,1582.37651649421,1820.62814491909,1863.77910250763,1651.05595081131,1961.50581663304,1984.73689970002,1867.18307968781,1471.02213736975,1949.11810337807,1959.68237894683,1787.27892723746,2098.22851541334,2273.08480222481,2180.73256529644,2339.30372822634,1938.25461191809,1976.41967475681,1860.94857748472,1791.99087170556,2011.18802822384,1815.21037318922,1947.13022797199,1840.31413198715,1763.51807917855,1871.45742446904,1513.17836091094,1657.01877418378,1996.87167125684,1681.51232053442,1479.78878939249,1746.13849572878,1295.27910174057,1141.12325072867,1245.25285729751,1405.98693345608,1394.26102210666,1400.45965318162,1403.46332159697,1496.62206149493,1970.77870952653,2372.26610628407,2239.21926887824,3116.44872218846,4584.96390585897,5652.01575281956,6889.13922253464,9918.75409529541,10112.188105988,17134.0449640903,16749.0131964471,21948.634160986,27990.7208388948
"55",1104.68674528356,1264.42898510893,1072.61739138122,1402.5202442145,1172.35123299087,1500.83718965925,1545.18826941747,1441.14748689304,1338.82401116035,1771.31873935165,1730.04912893527,2151.66672808776,1822.72009057751,1836.21784999962,1553.11808451596,1756.87488912001,2267.63695487894,1992.82970646338,2074.54220021708,1907.73489269796,2096.14567283129,2187.20957168154,2139.56201652229,2017.8350079884,1934.69161508945,1745.33987322708,2057.36214591238,2316.33595489755,1919.88489013351,1801.59639448024,1868.84340647066,1938.95681327044,2173.65397166879,1935.63626653254,1455.55865699892,1676.23969963852,1693.52814152208,1367.950834826,1433.9256313971,1352.85103865121,1539.09939402883,1298.89498080122,1140.82048895144,1225.95998757886,1275.02479364532,1441.29183359871,1148.11778397486,1243.3334822318,1594.67522774794,2102.93370374527,2705.35089630334,2926.55162793019,4590.15215949864,6053.25384779961,6807.16396307719,8448.50612619776,10743.475898425,14832.8588278792,18593.1624475984,27437.7832693967,29392.2372848959
"56",1373.86938051364,1503.96631380712,1311.91125914054,1425.09951775129,1399.61808081346,1316.52910880026,1423.11725841171,1523.26171792132,1733.66301259008,1919.02401997724,1498.82165937695,1683.50450570279,1937.05261439997,1701.52394813532,2262.44479344843,2052.0969172856,1812.7196096379,2087.60602591249,1796.5445474426,2024.70670099979,2322.93842942906,2257.87849280322,2246.32668085709,1953.25972320701,1912.07109425707,2146.83235786483,1805.2062707399,2276.44177279154,1812.42102272355,1860.75780724343,1647.32328085822,1751.56147045281,1983.2433694622,2009.44137294919,1643.91488930474,1642.00365303869,1580.85120049318,1306.29849643289,1561.27628055573,1286.38669051313,1187.89874664202,1091.38442626708,985.035727217781,1254.85793983726,1018.09546658451,1187.08064563404,1390.62192091841,1541.14958295664,1613.26479559588,1848.96495923879,2595.29808051075,2954.35970188455,3741.97040187359,5037.21793731847,6609.56167741108,7631.31828994869,10411.1273148062,11600.6329959245,18398.4509200981,23002.147541313,27481.5311524817
"57",1334.98060339947,1218.5696102988,1319.24973118937,1348.34518050365,1466.38974616149,1375.46808166227,1725.52601718747,1628.55458333365,1605.2399654331,1502.64319259045,1677.59062034285,1871.88942045964,1757.55874992214,1634.11211720992,1943.33545866324,1895.86780981116,2041.18666240849,2135.23234361416,2181.47023198196,2184.74590814287,1894.12545003518,1814.98315703881,2404.74440128658,1734.23695505362,2361.80455595057,2006.68626313709,1877.55824497406,2030.46867964684,1784.18398771398,1996.3126004425,1899.55808016813,1922.29941389468,1812.53892976437,1779.33463139024,1816.25543818209,1328.60130684074,1505.9775638251,1327.08630341203,1547.16442569251,1520.85929585473,1333.67972208047,1262.07694499048,1412.171687287,1020.78813740478,1257.00124754701,1339.45409727221,1363.40797315618,1489.78002859297,1427.48344497464,2093.10840967373,2535.98723086013,3181.0395086579,3719.58081509567,4740.21876136746,6289.75228925968,8985.57218492304,11438.4360470704,12914.7292444482,16166.425155154,20333.1613754238,24536.6516135654
"58",1298.24182905371,1369.65095247466,1180.78627094079,1706.86349025272,1499.97014678389,1523.71739237469,1914.60262061758,1378.3667881878,1819.30481480577,1522.00186105019,1751.54690683347,1707.88551944718,2007.07006770973,2105.9590049856,1910.07136845631,1818.5707993753,1752.59233373107,2022.10626837213,2118.96382787771,1786.63709368529,2012.08808941472,1864.8547354188,1889.65253731018,2234.69570749156,1959.22774727209,1886.3913037938,2073.55366335972,1733.30949281165,1999.85114531799,1815.27631511725,1817.51274226899,1443.57225977251,1688.60464546502,1539.4781543305,1515.86371601512,1631.84400465445,1379.04128661285,1370.86818958346,1343.94493764128,1288.51393588958,1386.75443619554,1276.46010881214,1171.2912160456,1242.50637429258,1125.96661289504,1066.76270530944,1327.57863421225,1543.95729128013,1774.21252801617,1995.06860670555,2293.78872587916,2679.48967378127,3986.3539085238,5365.50730137477,6961.70141421345,8666.13778952084,12408.6853894647,17281.913864871,17523.0765632833,21673.6272859773,24925.7002542914
"59",1159.73942053606,1684.78694873326,1358.7231847782,1498.38898987239,1484.46838198023,1746.80058050496,1785.34165368624,1538.06318196296,1374.61675005344,1692.6552645582,1799.3653828671,1552.22481729906,2099.2847800146,1852.50125256198,1888.24993292741,1714.92764959478,1805.50693163615,1877.40373529138,2046.47941845728,1851.56619104812,1767.31271826373,1761.07595132583,1905.04225191419,2187.47686894224,1850.03679881574,1993.06040692894,2067.12630508583,2230.37772477474,1808.35975219092,1877.43301481492,1773.36811615606,1731.53119598164,1388.51583290451,1423.57697399165,1377.94793363343,1370.86323548999,1262.89873487863,1503.18263148344,1318.05679765473,1347.84650876506,1290.87971700265,1149.87806135274,1281.7312880556,1089.83594481579,1040.53656579739,1110.82983486968,1228.8512753154,1255.80185712819,1795.04601804386,2298.26012634881,2858.79721252496,2899.47946836,4253.18635278923,5535.56748562073,6736.85260981225,8572.66303229813,10612.464862327,13722.4546404649,15616.1730393555,20656.6791686919,27104.06876314
"60",1300.59166995287,1390.23603682771,1440.775431178,1247.59451620021,1621.48861095564,1524.37448806266,1796.39279716425,1838.93032801517,1572.77627815777,1814.77170977963,1529.84264420952,1539.72770729868,2055.38790030892,2129.25271910045,1834.12323329385,1729.97650706995,2232.71537632052,1494.99706654683,1676.20773695915,2099.37094193409,1888.20899244401,1968.45086510785,1978.85704571741,1695.29068715885,1578.04376089595,2037.54630438042,2151.97341279731,1829.891442156,1702.95290716122,1632.92955678704,1879.8968092784,1498.67982124054,1479.14694878255,1786.31453328655,1717.33234592419,1551.70480179718,1329.92605459506,1205.78510059262,1189.24295130717,1315.45514328261,1187.22588850908,1240.08138329933,1194.81251059288,1156.36786942744,1201.88478197223,1021.34935508791,1239.37184471245,1285.17401814913,1649.05900727869,2106.91018792195,2140.21607668542,3319.49765195941,4201.11097528008,4818.77318296605,6038.97560327527,8089.49721401667,12035.2631184164,16375.3001408232,19452.7249940242,21777.3405440569,31449.3443295591
"61",1299.95685870362,1477.75341553164,1223.46990936603,1460.62683702165,1025.24100564771,1780.41334797616,1584.63523989011,1433.97187733593,1599.1982897699,1908.19277340109,1669.90575977111,1619.75058298257,1910.31226397551,2024.54371478493,1654.94522583385,1871.74409464215,1648.75285785581,2018.1260493791,1968.94695704438,2069.51970495262,1970.35921730265,1615.16984431382,1781.20434551251,1920.32278440733,1814.19447968832,1843.50023227927,2002.99048291367,1701.30944855314,1852.68196243966,1684.45583293425,1796.48523707847,1324.54201125689,1671.00631650398,1438.66744626865,1586.46719698976,1262.24076143118,1587.04914092657,1110.04965043767,1323.19209643358,1056.05311751085,1135.03914463645,1127.10905823874,1246.10595542715,1418.52436322991,1093.48991369169,1261.0210893121,1178.55525415136,1446.37119535446,1546.49674819937,1729.63478770505,2507.46484131674,2827.70048454226,4502.21370956295,5303.38545843322,6548.28850531518,8512.25634566443,10424.1156370216,13105.8024841221,20234.3443760534,21754.7097920309,27901.1588401125
